2026-04-08T22:45:19.204562,Authorized User,Authorized
2026-04-08T22:45:23.879906,Authorized User,Authorized
2026-04-08T22:45:27.065841,Authorized User,Authorized
2026-04-08T22:45:30.451390,Authorized User,Authorized
2026-04-08T22:45:34.313588,Authorized User,Authorized
2026-04-08T22:45:37.515765,Authorized User,Authorized
2026-04-08T22:45:40.150034,Authorized User,Authorized
2026-04-08T22:45:47.261084,Authorized User,Authorized
2026-04-08T22:45:49.326515,Authorized User,Authorized
2026-04-08T22:45:52.745867,Authorized User,Authorized
2026-04-08T22:45:55.334000,Authorized User,Authorized
2026-04-08T22:45:59.748906,Authorized User,Authorized
2026-04-08T22:46:02.311662,Authorized User,Authorized
2026-04-08T22:46:05.366184,Authorized User,Authorized
2026-04-08T22:46:10.509184,Unknown Intruder,Intruder
2026-04-08T22:46:13.791941,Unknown Intruder,Intruder
2026-04-08T22:46:16.686791,Unknown Intruder,Intruder
2026-04-08T22:46:20.044250,Unknown Intruder,Intruder
2026-04-08T22:46:27.013491,Unknown Intruder,Intruder
2026-04-08T22:46:30.911909,Unknown Intruder,Intruder
2026-04-08T22:46:35.149821,Unknown Intruder,Intruder
2026-04-08T22:46:38.285477,Unknown Intruder,Intruder
2026-04-08T22:46:41.355534,Unknown Intruder,Intruder
2026-04-08T22:46:44.459512,Unknown Intruder,Intruder
2026-04-08T22:46:48.704602,Unknown Intruder,Intruder
2026-04-08T22:46:51.388188,Unknown Intruder,Intruder
2026-04-08T22:46:54.622726,Unknown Intruder,Intruder
2026-04-08T22:46:58.073359,Unknown Intruder,Intruder
2026-04-08T22:47:01.051565,Unknown Intruder,Intruder
2026-04-08T22:47:04.124368,Unknown Intruder,Intruder
2026-04-08T22:47:07.118476,Unknown Intruder,Intruder
2026-04-08T22:47:10.117413,Unknown Intruder,Intruder
2026-04-08T22:47:13.556428,Unknown Intruder,Intruder
2026-04-08T22:47:16.568996,Unknown Intruder,Intruder
2026-04-08T22:47:20.289226,Unknown Intruder,Intruder
2026-04-08T22:47:23.325045,Unknown Intruder,Intruder
2026-04-08T22:47:26.764751,Unknown Intruder,Intruder
2026-04-08T22:47:31.303318,Unknown Intruder,Intruder
2026-04-08T22:47:37.333327,Unknown Intruder,Intruder
2026-04-08T22:47:40.251230,Unknown Intruder,Intruder
2026-04-08T22:47:45.047036,Unknown Intruder,Intruder
2026-04-08T22:47:47.993001,Unknown Intruder,Intruder
2026-04-08T22:47:51.451259,Unknown Intruder,Intruder
2026-04-08T22:47:54.666425,Unknown Intruder,Intruder
2026-04-08T22:47:57.880077,Unknown Intruder,Intruder
2026-04-08T22:48:01.294591,Unknown Intruder,Intruder
2026-04-08T22:48:04.520928,Unknown Intruder,Intruder
2026-04-08T22:48:07.685143,Unknown Intruder,Intruder
2026-04-08T22:48:10.933393,Unknown Intruder,Intruder
2026-04-08T22:48:14.355930,Unknown Intruder,Intruder
2026-04-08T22:48:19.252589,Unknown Intruder,Intruder
2026-04-08T22:48:24.266725,Unknown Intruder,Intruder
2026-04-08T22:48:28.852950,Unknown Intruder,Intruder
2026-04-08T22:48:33.668842,Unknown Intruder,Intruder
2026-04-08T22:48:38.350845,Unknown Intruder,Intruder
2026-04-08T22:48:43.431081,Unknown Intruder,Intruder
2026-04-08T22:48:49.847227,Unknown Intruder,Intruder
2026-04-08T22:48:56.523750,Unknown Intruder,Intruder
2026-04-08T22:49:01.286122,Unknown Intruder,Intruder
2026-04-08T22:49:05.649304,Unknown Intruder,Intruder
2026-04-08T22:49:08.031229,Unknown Intruder,Intruder
2026-04-08T22:49:11.343496,Unknown Intruder,Intruder
2026-04-08T22:49:14.327964,Unknown Intruder,Intruder
2026-04-08T22:49:17.561319,Unknown Intruder,Intruder
2026-04-08T22:49:20.602817,Unknown Intruder,Intruder
2026-04-08T22:49:25.787402,Unknown Intruder,Intruder
2026-04-08T22:49:31.094043,Unknown Intruder,Intruder
2026-04-08T22:49:35.683755,Unknown Intruder,Intruder
2026-04-08T22:49:40.097010,Unknown Intruder,Intruder
2026-04-08T22:49:45.020471,Unknown Intruder,Intruder
2026-04-08T23:06:41.981667,Authorized User,Authorized
2026-04-08T23:07:27.053897,Authorized User,Authorized
2026-04-08T23:07:30.132464,Authorized User,Authorized
2026-04-08T23:07:33.069483,Authorized User,Authorized
2026-04-08T23:07:36.541225,Authorized User,Authorized
2026-04-08T23:07:39.486635,Authorized User,Authorized
2026-04-08T23:07:43.168848,Authorized User,Authorized
2026-04-08T23:07:52.298384,Authorized User,Authorized
2026-04-08T23:08:04.228009,Authorized User,Authorized
2026-04-08T23:08:14.316659,Authorized User,Authorized
2026-04-08T23:08:20.421392,Authorized User,Authorized
2026-04-08T23:08:27.970560,Authorized User,Authorized
2026-04-08T23:08:30.600631,Authorized User,Authorized
2026-04-08T23:08:33.639405,Authorized User,Authorized
2026-04-08T23:08:38.096662,Authorized User,Authorized
2026-04-08T23:08:40.877463,Authorized User,Authorized
2026-04-08T23:08:45.038945,Unknown Intruder,Intruder
2026-04-08T23:08:48.184900,Unknown Intruder,Intruder
2026-04-08T23:08:51.464597,Unknown Intruder,Intruder
2026-04-08T23:08:56.232136,Unknown Intruder,Intruder
2026-04-08T23:08:59.081256,Unknown Intruder,Intruder
2026-04-08T23:09:02.749306,Unknown Intruder,Intruder
2026-04-08T23:09:05.224000,Unknown Intruder,Intruder
2026-04-08T23:09:08.529577,Unknown Intruder,Intruder
2026-04-08T23:09:11.949809,Unknown Intruder,Intruder
2026-04-08T23:09:14.766769,Unknown Intruder,Intruder
2026-04-08T23:09:17.893940,Unknown Intruder,Intruder
2026-04-08T23:09:20.533016,Unknown Intruder,Intruder
2026-04-08T23:09:23.407617,Unknown Intruder,Intruder
2026-04-08T23:09:26.679631,Authorized User,Authorized
2026-04-08T23:09:29.599373,Authorized User,Authorized
2026-04-08T23:09:32.668824,Authorized User,Authorized
2026-04-08T23:09:36.832486,Authorized User,Authorized
2026-04-08T23:09:40.009774,Authorized User,Authorized
2026-04-08T23:09:42.999430,Authorized User,Authorized
2026-04-08T23:09:46.426583,Authorized User,Authorized
2026-04-08T23:09:49.621022,Authorized User,Authorized
2026-04-08T23:09:52.663162,Authorized User,Authorized
2026-04-08T23:09:55.802516,Authorized User,Authorized
2026-04-08T23:09:58.692142,Authorized User,Authorized
2026-04-08T23:10:01.837242,Authorized User,Authorized
2026-04-08T23:10:05.125669,Authorized User,Authorized
2026-04-08T23:10:08.224966,Authorized User,Authorized
2026-04-08T23:10:11.620739,Authorized User,Authorized
2026-04-08T23:10:14.736540,Authorized User,Authorized
2026-04-08T23:10:17.746973,Authorized User,Authorized
2026-04-09T12:48:30.297966,Unknown Intruder,Intruder
2026-04-09T12:48:36.500193,Unknown Intruder,Intruder
2026-04-09T12:48:39.535190,Unknown Intruder,Intruder
2026-04-09T12:48:42.517141,Unknown Intruder,Intruder
2026-04-09T12:48:45.837128,Unknown Intruder,Intruder
2026-04-09T12:48:48.804939,Unknown Intruder,Intruder
2026-04-09T12:48:52.948589,Unknown Intruder,Intruder
2026-04-09T12:48:56.162132,Unknown Intruder,Intruder
2026-04-09T12:49:00.925873,Unknown Intruder,Intruder
2026-04-09T12:49:04.444521,Unknown Intruder,Intruder
2026-04-09T12:49:08.327876,Unknown Intruder,Intruder
2026-04-09T12:49:11.520288,Unknown Intruder,Intruder
2026-04-09T15:02:37.181755,Unknown Intruder,Intruder
2026-04-09T15:02:40.634089,Authorized User,Authorized
2026-04-09T15:02:43.283378,Authorized User,Authorized
2026-04-09T15:02:46.619778,Authorized User,Authorized
2026-04-09T15:02:49.364461,Authorized User,Authorized
2026-04-09T15:02:52.637451,Authorized User,Authorized
2026-04-09T15:02:55.494611,Authorized User,Authorized
2026-04-09T15:33:20.342193,Unknown Intruder,Intruder
2026-04-09T15:33:21.712887,Unknown Intruder,Intruder
2026-04-09T15:33:32.158113,Unknown Intruder,Intruder
2026-04-09T15:33:35.783435,Unknown Intruder,Intruder
2026-04-09T15:33:38.756658,Unknown Intruder,Intruder
2026-04-09T15:33:41.861279,Unknown Intruder,Intruder
2026-04-09T15:33:44.923887,Unknown Intruder,Intruder
2026-04-09T15:33:47.951139,Unknown Intruder,Intruder
2026-04-09T15:33:51.224951,Unknown Intruder,Intruder
2026-04-09T15:33:54.341797,Unknown Intruder,Intruder
2026-04-09T15:33:57.651422,Unknown Intruder,Intruder
2026-04-09T15:34:01.099054,Unknown Intruder,Intruder
2026-04-09T15:34:04.381522,Unknown Intruder,Intruder
2026-04-09T15:34:07.145042,Unknown Intruder,Intruder
2026-04-09T15:34:10.217609,Unknown Intruder,Intruder
2026-04-09T15:34:13.379910,Unknown Intruder,Intruder
2026-04-09T15:34:16.618657,Unknown Intruder,Intruder
2026-04-09T15:34:19.717805,Unknown Intruder,Intruder
2026-04-09T15:34:23.130907,Unknown Intruder,Intruder
2026-04-09T15:34:25.761766,Unknown Intruder,Intruder
2026-04-09T15:34:29.045966,Authorized User,Authorized
2026-04-09T15:34:32.150478,Authorized User,Authorized
2026-04-09T15:34:35.462301,Authorized User,Authorized
2026-04-09T15:34:38.587016,Authorized User,Authorized
2026-04-09T15:34:41.675576,Authorized User,Authorized
2026-04-09T15:34:44.269990,Unknown Intruder,Intruder
2026-04-09T15:34:49.451585,Unknown Intruder,Intruder
2026-04-09T15:36:22.377912,Unknown Intruder,Intruder
2026-04-09T15:36:25.799586,Unknown Intruder,Intruder
2026-04-15T19:42:27.329372,Unknown Intruder,Intruder
2026-04-15T19:42:29.295353,Unknown Intruder,Intruder
2026-04-15T19:42:32.643717,Unknown Intruder,Intruder
2026-04-15T19:42:35.688991,Authorized User,Authorized
2026-04-15T19:42:39.129977,Authorized User,Authorized
2026-04-15T19:42:42.017983,Authorized User,Authorized
2026-04-15T19:42:45.166032,Authorized User,Authorized
2026-04-15T19:42:48.230545,Authorized User,Authorized
2026-04-15T19:42:51.486789,Authorized User,Authorized
2026-04-15T19:42:54.709519,Authorized User,Authorized
2026-04-15T19:42:57.727542,Authorized User,Authorized
2026-04-15T19:43:00.915402,Authorized User,Authorized
2026-04-15T19:43:03.879080,Authorized User,Authorized
2026-04-15T19:43:07.362871,Authorized User,Authorized
2026-04-15T19:43:10.376229,Authorized User,Authorized
2026-04-15T19:43:13.417341,Authorized User,Authorized
2026-04-15T19:43:16.377076,Unknown Intruder,Intruder
2026-04-15T19:43:19.849230,Unknown Intruder,Intruder
2026-04-15T19:43:22.355901,Unknown Intruder,Intruder
2026-04-15T19:43:25.520999,Unknown Intruder,Intruder
2026-04-15T19:43:28.674983,Unknown Intruder,Intruder
2026-04-15T19:43:31.756640,Unknown Intruder,Intruder
2026-04-15T19:43:34.712578,Unknown Intruder,Intruder
2026-04-15T19:43:37.873804,Authorized User,Authorized
2026-04-15T19:43:41.509508,Unknown Intruder,Intruder
2026-04-15T19:43:44.527344,Unknown Intruder,Intruder
2026-04-15T19:43:49.859064,Unknown Intruder,Intruder
2026-04-15T19:43:52.412252,Unknown Intruder,Intruder
2026-04-15T19:43:55.639789,Authorized User,Authorized
2026-04-15T19:43:58.860383,Authorized User,Authorized
2026-04-15T19:44:01.466079,Authorized User,Authorized
2026-04-15T19:44:04.430363,Authorized User,Authorized
2026-04-15T19:44:07.680933,Authorized User,Authorized
2026-04-15T19:44:10.966100,Authorized User,Authorized
2026-04-15T19:44:14.461068,Authorized User,Authorized
2026-04-15T19:44:17.390393,Authorized User,Authorized
2026-04-15T19:44:20.405806,Authorized User,Authorized
2026-04-15T19:44:23.783542,Authorized User,Authorized
2026-04-15T19:44:26.906450,Authorized User,Authorized
2026-04-15T19:44:31.169049,Authorized User,Authorized
2026-04-15T19:44:34.908985,Authorized User,Authorized
2026-04-15T19:44:38.335633,Authorized User,Authorized
2026-04-15T19:44:40.781526,Authorized User,Authorized
2026-04-15T19:44:44.041838,Authorized User,Authorized
2026-04-15T19:44:47.169541,Authorized User,Authorized
2026-04-16T14:15:57.720252,Unknown Intruder,Intruder
2026-04-16T14:15:58.511363,Unknown Intruder,Intruder
2026-04-16T14:16:03.350981,Unknown Intruder,Intruder
2026-04-16T14:16:06.714484,Unknown Intruder,Intruder
2026-04-16T14:16:10.364485,Unknown Intruder,Intruder
2026-04-16T14:16:11.073471,Unknown Intruder,Intruder
2026-04-16T14:16:15.534725,Unknown Intruder,Intruder
2026-04-16T14:16:18.382046,Unknown Intruder,Intruder
2026-04-16T14:16:21.171527,Unknown Intruder,Intruder
2026-04-16T14:16:26.006602,Unknown Intruder,Intruder
2026-04-16T14:16:28.749653,Unknown Intruder,Intruder
2026-04-16T14:16:31.840650,Unknown Intruder,Intruder
2026-04-16T14:16:34.802922,Unknown Intruder,Intruder
2026-04-16T14:16:37.785831,Unknown Intruder,Intruder
2026-04-16T14:16:41.035078,Unknown Intruder,Intruder
2026-04-16T14:16:44.610458,Unknown Intruder,Intruder
2026-04-16T14:16:47.591083,Unknown Intruder,Intruder
2026-04-16T14:16:50.944789,Unknown Intruder,Intruder
2026-04-16T14:16:54.504529,Unknown Intruder,Intruder
2026-04-16T14:16:57.800752,Unknown Intruder,Intruder
2026-04-16T14:17:01.092905,Unknown Intruder,Intruder
2026-04-16T14:17:04.300418,Unknown Intruder,Intruder
2026-04-16T14:17:07.454824,Unknown Intruder,Intruder
2026-04-16T14:17:09.928578,Unknown Intruder,Intruder
2026-04-16T14:17:12.997274,Unknown Intruder,Intruder
2026-04-16T14:17:15.830697,Unknown Intruder,Intruder
2026-04-16T14:17:19.604262,Unknown Intruder,Intruder
2026-04-16T14:17:22.620886,Unknown Intruder,Intruder
2026-04-16T14:17:25.688803,Unknown Intruder,Intruder
2026-04-16T14:17:28.981700,Unknown Intruder,Intruder
2026-04-16T14:17:32.110376,Unknown Intruder,Intruder
2026-04-16T14:17:34.422200,Unknown Intruder,Intruder
2026-04-16T14:17:37.244417,Unknown Intruder,Intruder
2026-04-16T14:17:41.416185,Unknown Intruder,Intruder
2026-04-16T14:17:44.760827,Unknown Intruder,Intruder
2026-04-16T14:17:48.031858,Unknown Intruder,Intruder
2026-04-16T14:17:51.013044,Unknown Intruder,Intruder
2026-04-16T14:17:54.399114,Unknown Intruder,Intruder
2026-04-16T14:17:57.597328,Unknown Intruder,Intruder
2026-04-16T14:18:00.703267,Unknown Intruder,Intruder
2026-04-16T14:18:03.693731,Unknown Intruder,Intruder
2026-04-16T14:18:06.998113,Unknown Intruder,Intruder
2026-04-16T14:18:10.215490,Unknown Intruder,Intruder
2026-04-16T14:18:13.321450,Unknown Intruder,Intruder
2026-04-16T14:18:16.798154,Authorized User,Authorized
2026-04-16T14:18:18.682068,Unknown Intruder,Intruder
2026-04-16T14:18:21.527560,Unknown Intruder,Intruder
2026-04-16T14:18:38.304659,Unknown Intruder,Intruder
2026-04-16T14:18:41.510832,Unknown Intruder,Intruder
2026-04-16T14:18:44.969539,Authorized User,Authorized
2026-04-16T14:18:48.127162,Authorized User,Authorized
2026-04-16T14:18:50.694564,Unknown Intruder,Intruder
2026-04-16T14:19:41.638960,Unknown Intruder,Intruder
2026-04-16T14:19:44.661867,Unknown Intruder,Intruder
2026-04-16T14:19:48.609065,Authorized User,Authorized
2026-04-16T14:19:51.589042,Authorized User,Authorized
2026-04-16T14:19:54.803707,Authorized User,Authorized
2026-04-16T14:19:57.746596,Authorized User,Authorized
2026-04-16T14:20:00.787064,Authorized User,Authorized
2026-04-16T14:20:04.055029,Authorized User,Authorized
2026-04-16T14:20:06.976246,Authorized User,Authorized
2026-04-16T14:20:09.875724,Authorized User,Authorized
2026-04-16T14:45:39.373012,Unknown Intruder,Intruder
2026-04-16T14:45:41.401433,Unknown Intruder,Intruder
2026-04-16T14:45:43.627023,Unknown Intruder,Intruder
2026-04-16T14:45:48.293015,Unknown Intruder,Intruder
2026-04-16T14:45:49.894536,Unknown Intruder,Intruder
2026-04-16T14:45:53.121107,Unknown Intruder,Intruder
2026-04-16T14:45:56.304988,Unknown Intruder,Intruder
2026-04-16T14:45:59.292391,Unknown Intruder,Intruder
2026-04-16T14:46:02.286443,Unknown Intruder,Intruder
2026-04-16T14:46:05.576565,Unknown Intruder,Intruder
2026-04-16T14:46:08.815523,Unknown Intruder,Intruder
2026-04-16T14:46:12.159146,Unknown Intruder,Intruder
2026-04-16T14:46:15.474344,Unknown Intruder,Intruder
2026-04-16T14:46:19.478446,Unknown Intruder,Intruder
2026-04-16T14:46:22.443512,Unknown Intruder,Intruder
2026-04-16T14:46:26.593582,Authorized User,Authorized
2026-04-16T14:46:29.678149,Authorized User,Authorized
2026-04-16T14:46:32.768293,Authorized User,Authorized
2026-04-16T14:46:34.852789,Unknown Intruder,Intruder
2026-04-16T14:47:05.435323,Unknown Intruder,Intruder
2026-04-22T12:29:11.997734,Unknown Intruder,Intruder
2026-04-22T12:29:14.916937,Unknown Intruder,Intruder
2026-04-22T12:29:19.589174,Unknown Intruder,Intruder
2026-04-22T12:29:21.538745,Unknown Intruder,Intruder
2026-04-22T12:29:24.311706,Unknown Intruder,Intruder
2026-04-22T12:29:27.939989,Authorized User,Authorized
2026-04-22T12:29:31.674059,Authorized User,Authorized
2026-04-22T12:29:35.031801,Authorized User,Authorized
2026-04-22T12:29:38.061215,Authorized User,Authorized
2026-04-22T12:29:41.448187,Authorized User,Authorized
2026-04-22T12:29:44.630050,Authorized User,Authorized
2026-04-22T12:29:48.022339,Authorized User,Authorized
2026-04-22T12:29:50.883653,Authorized User,Authorized
2026-04-22T12:29:54.002957,Authorized User,Authorized
2026-04-22T12:29:57.013956,Authorized User,Authorized
2026-04-22T12:29:59.998857,Authorized User,Authorized
2026-04-22T12:30:03.007319,Authorized User,Authorized
2026-04-22T12:30:06.290939,Authorized User,Authorized
2026-04-22T12:30:09.413954,Authorized User,Authorized
2026-04-22T12:30:12.460943,Authorized User,Authorized
2026-04-22T12:30:15.640853,Authorized User,Authorized
2026-04-22T12:30:18.514885,Authorized User,Authorized
2026-04-22T12:30:21.936481,Authorized User,Authorized
2026-04-22T12:30:24.774333,Authorized User,Authorized
2026-04-22T12:30:27.994284,Authorized User,Authorized
2026-04-22T12:30:31.182825,Authorized User,Authorized
2026-04-22T12:30:34.458587,Authorized User,Authorized
2026-04-22T12:30:37.466120,Authorized User,Authorized
2026-04-22T12:30:40.597723,Authorized User,Authorized
2026-04-22T12:30:44.058150,Authorized User,Authorized
2026-04-22T12:30:47.127648,Authorized User,Authorized
2026-04-22T12:30:50.344301,Authorized User,Authorized
2026-04-22T12:30:53.401109,Authorized User,Authorized
2026-04-22T12:30:56.797328,Authorized User,Authorized
2026-04-22T12:30:59.850890,Authorized User,Authorized
2026-04-22T12:31:02.941536,Authorized User,Authorized
2026-04-22T12:31:05.899654,Authorized User,Authorized
2026-04-22T12:31:08.930360,Authorized User,Authorized
2026-04-22T12:31:12.081470,Authorized User,Authorized
2026-04-22T12:31:15.249929,Authorized User,Authorized
2026-04-22T12:31:18.337330,Authorized User,Authorized
2026-04-22T12:31:21.426902,Authorized User,Authorized
2026-04-22T12:31:24.765846,Authorized User,Authorized
2026-04-22T12:31:27.989690,Authorized User,Authorized
2026-04-22T12:31:31.099215,Authorized User,Authorized
2026-04-22T12:31:33.971728,Authorized User,Authorized
2026-04-22T12:31:38.544438,Authorized User,Authorized
2026-04-22T12:31:41.824156,Authorized User,Authorized
2026-04-22T12:31:44.928014,Authorized User,Authorized
2026-04-22T12:31:48.020073,Authorized User,Authorized
2026-04-22T12:31:51.371900,Authorized User,Authorized
2026-04-22T12:31:54.776590,Authorized User,Authorized
2026-04-22T12:31:58.123672,Authorized User,Authorized
2026-04-22T12:32:01.439698,Authorized User,Authorized
2026-04-22T12:32:04.712489,Authorized User,Authorized
2026-04-22T12:32:07.861611,Authorized User,Authorized
2026-04-22T12:32:11.515281,Authorized User,Authorized
2026-04-22T12:32:14.883265,Authorized User,Authorized
2026-04-22T12:32:18.016639,Authorized User,Authorized
2026-04-22T12:32:21.069205,Authorized User,Authorized
2026-04-22T12:32:24.233229,Authorized User,Authorized
2026-04-22T12:32:27.634286,Authorized User,Authorized
2026-04-22T12:32:31.233627,Authorized User,Authorized
2026-04-22T12:32:34.572810,Authorized User,Authorized
2026-04-22T12:32:38.329975,Authorized User,Authorized
2026-04-22T12:32:41.949381,Authorized User,Authorized
2026-04-22T12:32:45.150590,Authorized User,Authorized
2026-04-22T12:32:48.436320,Authorized User,Authorized
2026-04-22T12:32:52.064310,Authorized User,Authorized
2026-04-22T12:32:55.460338,Authorized User,Authorized
2026-04-22T12:32:59.470844,Authorized User,Authorized
2026-04-22T12:33:02.948866,Authorized User,Authorized
2026-04-22T12:33:06.803450,Authorized User,Authorized
2026-04-22T12:33:09.812652,Authorized User,Authorized
2026-04-22T12:33:11.730066,Authorized User,Authorized
2026-04-22T12:33:14.714520,Authorized User,Authorized
2026-04-22T12:33:17.740689,Authorized User,Authorized
2026-04-22T12:33:20.742667,Authorized User,Authorized
2026-04-22T12:33:23.982641,Authorized User,Authorized
2026-04-22T12:33:28.339107,Unknown Intruder,Intruder
2026-04-22T12:33:31.214436,Unknown Intruder,Intruder
2026-04-22T12:33:34.603145,Unknown Intruder,Intruder
2026-04-22T12:33:37.586276,Unknown Intruder,Intruder
2026-04-22T12:33:40.617738,Unknown Intruder,Intruder
2026-04-22T12:33:43.687040,Unknown Intruder,Intruder
2026-04-22T12:33:46.592216,Unknown Intruder,Intruder
2026-04-22T12:33:49.497008,Unknown Intruder,Intruder
2026-04-22T12:33:52.577090,Unknown Intruder,Intruder
2026-04-22T12:33:57.224087,Unknown Intruder,Intruder
2026-04-22T12:34:00.461174,Unknown Intruder,Intruder
2026-04-22T12:34:07.420242,Unknown Intruder,Intruder
2026-04-22T12:34:09.843678,Unknown Intruder,Intruder
2026-04-22T12:34:13.206117,Unknown Intruder,Intruder
2026-04-22T12:34:16.104048,Unknown Intruder,Intruder
2026-04-22T12:34:26.333829,Unknown Intruder,Intruder
2026-04-22T12:34:29.256179,Unknown Intruder,Intruder
2026-04-22T12:34:31.789002,Unknown Intruder,Intruder
2026-04-22T12:34:35.489492,Unknown Intruder,Intruder
2026-04-22T12:34:38.859492,Unknown Intruder,Intruder
2026-04-22T12:34:42.159810,Unknown Intruder,Intruder
2026-04-22T12:34:45.257391,Unknown Intruder,Intruder
2026-04-22T12:34:48.493987,Unknown Intruder,Intruder
2026-04-22T12:34:52.371664,Unknown Intruder,Intruder
2026-04-22T12:34:54.931055,Unknown Intruder,Intruder
2026-04-22T12:34:58.708980,Unknown Intruder,Intruder
2026-04-22T12:35:03.005655,Unknown Intruder,Intruder
2026-04-22T12:35:06.269834,Unknown Intruder,Intruder
2026-04-22T12:35:09.260624,Unknown Intruder,Intruder
2026-04-22T12:35:12.388891,Unknown Intruder,Intruder
2026-04-22T12:35:15.585606,Unknown Intruder,Intruder
2026-04-22T12:35:18.124229,Unknown Intruder,Intruder
2026-04-22T12:35:21.016560,Unknown Intruder,Intruder
2026-04-22T12:35:24.241912,Unknown Intruder,Intruder
2026-04-22T12:35:27.208857,Unknown Intruder,Intruder
2026-04-22T12:41:05.572595,Unknown Intruder,Intruder
2026-04-22T12:41:08.273619,Unknown Intruder,Intruder
2026-04-22T12:41:13.722672,Unknown Intruder,Intruder
2026-04-22T12:41:15.525332,Unknown Intruder,Intruder
2026-04-22T12:41:18.508886,Unknown Intruder,Intruder
2026-04-22T12:41:21.523539,Authorized User,Authorized
2026-04-22T12:41:25.627665,Authorized User,Authorized
2026-04-22T12:41:28.599560,Authorized User,Authorized
2026-04-22T12:41:32.678317,Authorized User,Authorized
2026-04-22T12:41:35.360124,Authorized User,Authorized
2026-04-22T12:41:38.688277,Authorized User,Authorized
2026-04-22T12:41:41.824130,Authorized User,Authorized
2026-04-22T12:41:44.627568,Authorized User,Authorized
2026-04-22T12:41:48.324604,Authorized User,Authorized
2026-04-22T12:41:51.356349,Authorized User,Authorized
2026-04-22T12:41:54.436608,Authorized User,Authorized
2026-04-22T12:41:57.655194,Authorized User,Authorized
2026-04-22T12:42:00.590058,Authorized User,Authorized
2026-04-22T12:42:04.036653,Authorized User,Authorized
2026-04-22T12:42:07.331791,Authorized User,Authorized
2026-04-22T12:42:10.136813,Authorized User,Authorized
2026-04-22T12:42:13.438595,Authorized User,Authorized
2026-04-22T12:42:16.820738,Authorized User,Authorized
2026-04-22T12:42:19.840987,Authorized User,Authorized
2026-04-22T12:42:22.237344,Unknown Intruder,Intruder
2026-04-22T12:42:26.207519,Authorized User,Authorized
2026-04-22T12:42:29.639219,Authorized User,Authorized
2026-04-22T12:42:32.665398,Authorized User,Authorized
2026-04-22T12:42:34.813202,Authorized User,Authorized
